Position,Name,Team,Value,Salary
C,Batter_35,ATL,69.69674233954207,6865
1B,Batter_246,ATL,68.04013942677696,4609
2B,Batter_54,NYY,82.7119899710024,4599
3B,Batter_243,HOU,81.32607861080214,4844
SS,Batter_185,TOR,64.4930974802199,5931
OF,Batter_1,LAD,78.79628061688982,4589
OF,Batter_231,HOU,73.66151464605859,5244
OF,Batter_124,TOR,89.67874446889287,6168
SP,Pitcher_72,LAD,87.0566438069342,6207
