Position,Name,Team,Value,Salary
C,Batter_74,LAD,77.54275649653802,8253
1B,Batter_93,LAD,58.921198782543314,5834
2B,Batter_135,HOU,80.53967647665128,4723
3B,Batter_79,TOR,80.808062618987,5494
SS,Batter_43,TEX,70.96231219760631,4481
OF,Batter_69,LAD,69.00523845901996,4784
OF,Batter_54,BAL,76.11525216147066,6238
OF,Batter_61,TEX,68.84373749499801,4910
SP,Pitcher_7,PHI,76.36209602241146,5164
