Position,Name,Team,Value,Salary
SP,Pitcher_28,TOR,78.27327971038162,6039
OF,Batter_8,BAL,77.3910918394844,5064
C,Batter_12,HOU,73.25859589716146,6592
SS,Batter_32,LAD,80.55369919170825,5759
OF,Batter_44,ATL,73.60850192497944,4107
2B,Batter_48,TOR,64.18133902094273,4253
1B,Batter_95,PHI,72.67931423698832,5541
3B,Batter_123,TOR,65.62397177965163,6673
OF,Batter_143,HOU,79.76261965624832,5888
