Position,Name,Team,Value,Salary
SP,Pitcher_48,TEX,77.32579439920457,5544
OF,Batter_11,NYY,82.02971688265805,5195
SS,Batter_16,HOU,71.87451622745739,6976
C,Batter_36,TOR,83.85021920316036,5994
3B,Batter_50,NYY,65.0605739429269,4787
1B,Batter_53,TOR,69.60352330940566,4679
OF,Batter_93,LAD,76.23310208604326,4155
OF,Batter_100,TEX,66.35569526745998,4003
2B,Batter_129,TEX,80.18511024393378,8440
