Position,Name,Team,Value,Salary
SP,Pitcher_36,NYY,85.3664429715,6604
2B,Batter_21,HOU,54.937593330014934,4097
3B,Batter_22,TEX,60.68894834356509,4610
SS,Batter_23,ATL,77.33734306730824,4730
OF,Batter_33,PHI,75.49256125214315,4524
1B,Batter_45,ATL,74.92768652176319,5892
OF,Batter_67,NYY,80.08961755433883,4504
OF,Batter_73,NYY,81.27714866434378,5856
C,Batter_141,TEX,81.7191665284,8416
