Position,Name,Team,Value,Salary
C,Batter_36,TEX,71.95512925289815,4353
1B,Batter_47,TEX,73.07467875374054,5669
2B,Batter_5,HOU,70.66124410804045,5470
3B,Batter_81,TOR,71.37591505240248,6505
SS,Batter_150,PHI,79.73779313109976,8848
OF,Batter_33,TOR,93.97580454760089,5043
OF,Batter_20,ATL,78.55058039468794,4961
OF,Batter_104,TOR,76.90178519040074,4191
SP,Pitcher_46,LAD,84.48179331739964,4895
