Position,Name,Team,Value,Salary
C,Batter_87,PHI,74.83247653715641,4332
1B,Batter_10,PHI,57.0824675031363,4846
2B,Batter_95,TOR,75.79437365669858,5361
3B,Batter_97,NYY,81.55146370872444,5379
SS,Batter_113,ATL,66.76774653649615,5424
OF,Batter_31,HOU,74.80580022967638,6285
OF,Batter_36,LAD,80.48857448839617,9078
OF,Batter_90,BAL,61.21702116762242,4224
SP,Pitcher_4,TOR,78.26694619147449,5051
