Position,Name,Team,Value,Salary
C,Batter_57,LAD,68.05348407970814,5438
1B,Batter_54,NYY,82.7119899710024,5639
2B,Batter_162,NYY,75.91161517218777,4467
3B,Batter_200,BAL,73.66136196535837,6127
SS,Batter_220,LAD,76.14553443448673,7018
OF,Batter_189,BAL,77.14636426330944,5466
OF,Batter_71,TOR,64.9720782149348,5088
OF,Batter_138,TOR,66.22610967401363,5388
SP,Pitcher_4,NYY,80.52794952332466,5191
