Position,Name,Team,Value,Salary
SP,Pitcher_72,LAD,87.0566438069342,6207
OF,Batter_1,LAD,78.79628061688982,4589
2B,Batter_54,NYY,82.7119899710024,4599
SS,Batter_90,BAL,82.51523105421282,8445
C,Batter_101,LAD,69.38541764905315,4697
OF,Batter_124,TOR,89.67874446889287,6168
OF,Batter_231,HOU,73.66151464605859,5244
3B,Batter_243,HOU,81.32607861080214,4844
1B,Batter_246,ATL,68.04013942677696,4609
